Date,Mood

2025-03-10,ğŸ˜„ Very Happy
2025-03-10,ğŸ™‚ Happy
2025-03-10,ğŸ˜ Neutral
2025-03-10, â˜¹ï¸ Sad
2025-03-10,ğŸ˜¢ Very Sad
2025-03-10,ğŸ˜  Angry
2025-03-10,ğŸ˜„ Very Happy
2025-03-10,ğŸ˜„ Very Happy
2025-03-10,ğŸ˜„ Very Happy
2025-03-10,ğŸ˜„ Very Happy
2025-03-10,ğŸ˜„ Very Happy
2025-03-10,ğŸ˜„ Very Happy
2025-03-10,ğŸ˜„ Very Happy
2025-03-10,ğŸ˜ Neutral
2025-03-10,ğŸ˜ Neutral
2025-03-10,ğŸ˜ Neutral
2025-03-10,ğŸ˜ Neutral
2025-03-10,ğŸ˜ Neutral
2025-03-10, â˜¹ï¸ Sad
2025-03-10, â˜¹ï¸ Sad
2025-03-10, â˜¹ï¸ Sad
2025-03-10, â˜¹ï¸ Sad
2025-03-10, â˜¹ï¸ Sad
2025-03-10,ğŸ˜„ Very Happy
2025-03-10,ğŸ™‚ Happy
2025-03-10,ğŸ˜ Neutral
2025-03-10,ğŸ˜ Neutral
2025-03-10,ğŸ˜ Neutral
2025-03-10,ğŸ˜„ Very Happy
2025-03-10,ğŸ˜„ Very Happy
2025-03-10,ğŸ˜„ Very Happy
2025-03-10,ğŸ˜„ Very Happy
2025-03-10,ğŸ˜„ Very Happy
2025-03-10,ğŸ˜„ Very Happy
2025-03-10,ğŸ™‚ Happy
